{
    "avg_prec": 0.5844081269572035,
    "roc_auc": 0.9564123229498435
}