{
    "avg_prec": 0.5993799700715232,
    "roc_auc": 0.9523154215814764
}